{
  "classifier_state": {
    "coef_": [
      [
        -0.24401870518297772,
        -2.0316183355039046,
        -0.07628258549326121,
        0.0,
        0.0,
        -0.3125544862381922,
        -1.2289574703660786,
        -1.012464404122512
      ]
    ],
    "intercept_": [
      -0.014681263732406158
    ],
    "classes_": [
      0.0,
      1.0
    ]
  },
  "scaler_state": {
    "mean_": [
      1.240364319831133,
      -0.671366676245816,
      0.1800064039649442,
      -3.874824172258377,
      -3.558885654807091,
      -1.8000964608043433,
      -0.43156654234044256,
      1.2036540865898133
    ],
    "scale_": [
      0.3224876198947491,
      0.27757834144817345,
      0.10946293446146212,
      0.8331788620155548,
      0.48748795124960326,
      0.4298092754056322,
      0.1955082834059466,
      0.2712123585286275
    ]
  },
  "selected_indices": [
    1139,
    2156,
    1671,
    842,
    58,
    1551,
    1906,
    2623
  ],
  "selection_method": "RSA_discriminability"
}