{
  "selected_indices": [
    1139,
    2156,
    1671,
    842,
    58,
    1551,
    1906,
    2623
  ],
  "selection_method": "RSA_discriminability",
  "classifier_performance": {
    "train_accuracy": 0.875,
    "test_accuracy": 0.9,
    "weights": [
      -0.24401870518297772,
      -2.0316183355039046,
      -0.07628258549326121,
      0.0,
      0.0,
      -0.3125544862381922,
      -1.2289574703660786,
      -1.012464404122512
    ],
    "classification_report": {
      "0.0": {
        "precision": 0.9,
        "recall": 0.9,
        "f1-score": 0.9,
        "support": 10.0
      },
      "1.0": {
        "precision": 0.9,
        "recall": 0.9,
        "f1-score": 0.9,
        "support": 10.0
      },
      "accuracy": 0.9,
      "macro avg": {
        "precision": 0.9,
        "recall": 0.9,
        "f1-score": 0.9,
        "support": 20.0
      },
      "weighted avg": {
        "precision": 0.9,
        "recall": 0.9,
        "f1-score": 0.9,
        "support": 20.0
      }
    }
  }
}