{
  "classifier_state": {
    "coef_": [
      [
        0.0,
        0.24619343811172947,
        -0.9567375653338609,
        1.4010479519129058,
        -0.08227539005643372,
        0.4417700894665691,
        -1.270348216797632,
        0.21217422310897077
      ]
    ],
    "intercept_": [
      0.035833997560183684
    ],
    "classes_": [
      0.0,
      1.0
    ]
  },
  "scaler_state": {
    "mean_": [
      0.08372718612663448,
      0.05097962727304548,
      0.9560840167105198,
      0.7585213169455528,
      0.8828826323151588,
      0.10913237370550632,
      1.0408500239253045,
      0.8280951518565416
    ],
    "scale_": [
      0.013952310906615018,
      0.011313278851985867,
      0.1696024320644538,
      0.1698265885190546,
      0.15342979734932352,
      0.01576980082900095,
      0.2352149386268181,
      0.18706071549570408
    ]
  },
  "selected_indices": [
    27657,
    3623,
    22633,
    21022,
    21747,
    5531,
    12782,
    48689
  ],
  "selection_method": "RSA_discriminability"
}