{
  "selected_indices": [
    27657,
    3623,
    22633,
    21022,
    21747,
    5531,
    12782,
    48689
  ],
  "selection_method": "RSA_discriminability",
  "classifier_performance": {
    "train_accuracy": 0.8875,
    "test_accuracy": 0.8,
    "weights": [
      0.0,
      0.24619343811172947,
      -0.9567375653338609,
      1.4010479519129058,
      -0.08227539005643372,
      0.4417700894665691,
      -1.270348216797632,
      0.21217422310897077
    ],
    "classification_report": {
      "0.0": {
        "precision": 0.75,
        "recall": 0.9,
        "f1-score": 0.8181818181818182,
        "support": 10.0
      },
      "1.0": {
        "precision": 0.875,
        "recall": 0.7,
        "f1-score": 0.7777777777777778,
        "support": 10.0
      },
      "accuracy": 0.8,
      "macro avg": {
        "precision": 0.8125,
        "recall": 0.8,
        "f1-score": 0.797979797979798,
        "support": 20.0
      },
      "weighted avg": {
        "precision": 0.8125,
        "recall": 0.8,
        "f1-score": 0.7979797979797979,
        "support": 20.0
      }
    }
  }
}