{
  "classifier_state": {
    "coef_": [
      [
        0.0,
        0.9888002474201953,
        0.0,
        -0.40362239703307323,
        -0.6080897657328204,
        1.7959160729583858,
        0.18827030407540726,
        -1.4223061717111172
      ]
    ],
    "intercept_": [
      0.0
    ],
    "classes_": [
      0.0,
      1.0
    ]
  },
  "scaler_state": {
    "mean_": [
      0.35544703847117487,
      0.4342802041210234,
      0.3629207722377032,
      0.4713680830784142,
      0.20853034862666392,
      0.5200895519927144,
      1.240364319831133,
      1.2036540865898133
    ],
    "scale_": [
      0.13265707559553885,
      0.17240390725100413,
      0.13619350435031674,
      0.15686083230400324,
      0.15527550933196843,
      0.20991501037714919,
      0.3224876198947491,
      0.2712123585286275
    ]
  },
  "selected_indices": [
    1416,
    717,
    2109,
    751,
    1284,
    3115,
    1139,
    2623
  ],
  "selection_method": "max_activation"
}