{
  "selected_indices": [
    1416,
    717,
    2109,
    751,
    1284,
    3115,
    1139,
    2623
  ],
  "selection_method": "max_activation",
  "classifier_performance": {
    "train_accuracy": 0.8375,
    "test_accuracy": 0.85,
    "weights": [
      0.0,
      0.9888002474201953,
      0.0,
      -0.40362239703307323,
      -0.6080897657328204,
      1.7959160729583858,
      0.18827030407540726,
      -1.4223061717111172
    ],
    "classification_report": {
      "0.0": {
        "precision": 0.8181818181818182,
        "recall": 0.9,
        "f1-score": 0.8571428571428571,
        "support": 10.0
      },
      "1.0": {
        "precision": 0.8888888888888888,
        "recall": 0.8,
        "f1-score": 0.8421052631578947,
        "support": 10.0
      },
      "accuracy": 0.85,
      "macro avg": {
        "precision": 0.8535353535353536,
        "recall": 0.8500000000000001,
        "f1-score": 0.849624060150376,
        "support": 20.0
      },
      "weighted avg": {
        "precision": 0.8535353535353536,
        "recall": 0.85,
        "f1-score": 0.849624060150376,
        "support": 20.0
      }
    }
  }
}