{
  "window_p_value": 0.0,
  "window_effect_size": 0.002245829440653324,
  "position_p_values": [
    0.0,
    0.0,
    0.0,
    0.0,
    0.27,
    0.0,
    0.0,
    1.0,
    1.0,
    0.0,
    0.07
  ],
  "position_effect_sizes": [
    0.023667428642511368,
    0.014943644404411316,
    0.016002468764781952,
    0.01683250069618225,
    0.0009695142507553101,
    0.009681321680545807,
    0.011125370860099792,
    -0.004614204168319702,
    -0.006923407316207886,
    0.008039020001888275,
    0.002162918448448181
  ],
  "rsa_feature_indices": [
    5528,
    37557,
    25720,
    26537,
    34107,
    17420,
    23327,
    24729,
    42877,
    2660
  ]
}