{
  "top_feature_indices": [
    5528,
    37557,
    25720,
    26537,
    34107,
    17420,
    23327,
    24729,
    42877,
    2660
  ],
  "t_values": [
    [
      3.8618327331048303,
      1.786919173269092,
      2.165382578313991,
      -0.6451004911694809,
      4.109626341639629,
      4.512466024641198,
      2.3257579446552676,
      3.4210047511905497,
      4.237686852595917,
      2.0499669136449157
    ],
    [
      3.6362494781890105,
      2.2972443776473974,
      2.441873481753451,
      -0.7788531368947302,
      1.8016061379434027,
      3.175816254658193,
      2.0770070654574844,
      2.1795819771132976,
      4.16989729411976,
      1.9408887251035374
    ],
    [
      1.7481032969706491,
      0.9917957494027597,
      -0.8336492096945167,
      -1.0766045963043709,
      0.6441846223230063,
      0.4489368705343059,
      0.00444885635390556,
      1.2146513400349506,
      1.3103398813345062,
      -0.817429783331708
    ],
    [
      2.9544278040416088,
      3.300162442391085,
      1.7769055439451071,
      0.2434964693924869,
      2.912208251556177,
      2.1671853751320556,
      2.953373708782071,
      3.459741325490463,
      2.3742127798372166,
      0.008150672266546588
    ],
    [
      -0.07945656204749221,
      1.0314716682083842,
      -0.6787293152310595,
      -1.6459114095569574,
      0.27530083638223957,
      0.10100885836119958,
      -0.25754715994910027,
      1.9737923130753012,
      0.8436725023908309,
      -0.28270436198781357
    ],
    [
      0.34740549253744585,
      -0.7153958589787713,
      -2.1837313426358542,
      -1.666420018993943,
      -0.4015832647458125,
      -0.004956472963336774,
      0.42876108937795593,
      1.5910037163884259,
      0.2587450575545349,
      -0.6430669737463593
    ],
    [
      1.8286742243707874,
      0.43601689531726606,
      -0.44427567472817353,
      0.13777325006062302,
      1.04613076053016,
      0.9454502426725748,
      1.7483117280368572,
      3.651808206607878,
      3.3150894041770322,
      2.8003086809557822
    ],
    [
      0.3212463295724065,
      -0.16889699242276043,
      -0.8860163995638971,
      -0.7427428433983334,
      -0.21984388917097025,
      0.19753203988345738,
      -0.24799073187709783,
      0.08737300579325703,
      0.37443487974508194,
      -0.762961781586656
    ],
    [
      -1.0263495935545182,
      -0.2559985546647419,
      -1.5382976994730362,
      -3.022089223996351,
      0.1575155571173941,
      -0.9401307957279538,
      -2.160469202310434,
      -0.6329399358296266,
      -0.6395042995687599,
      -0.7071224482334302
    ],
    [
      1.819226827183159,
      1.6402865481215962,
      2.1059874644487016,
      -0.16923895391483623,
      0.9964697527808917,
      1.2980221061546733,
      -0.4849024993232218,
      1.1620498238945218,
      1.3263316778706713,
      0.6421155610226097
    ],
    [
      2.264224325230584,
      1.9103581962008425,
      2.7388851594036723,
      -0.22538811344623444,
      2.2033875586620324,
      2.628107146352489,
      2.154259655563252,
      2.2390754559698434,
      2.1189718735556364,
      2.1672136921003617
    ]
  ],
  "p_values": [
    [
      0.00020664951469703534,
      0.07729368237076183,
      0.0338679484537433,
      0.5207279795742841,
      8.987150626477543e-05,
      2.0767363308279053e-05,
      0.02281172802441517,
      0.0009281139696279485,
      6.75611927386441e-05,
      0.04385922483550728
    ],
    [
      0.00045205182867360193,
      0.023826963535676367,
      0.016876152717006803,
      0.43814870928119665,
      0.07491066738248026,
      0.00202263166546097,
      0.040568883855831406,
      0.03178872861906479,
      7.535589440574859e-05,
      0.05545172038341194
    ],
    [
      0.08427098029392407,
      0.32467521170747315,
      0.40685264016316314,
      0.28529586588889866,
      0.5218757060982122,
      0.6546866079458324,
      0.9964637133116507,
      0.2281006478202364,
      0.1945893384894862,
      0.4168236319689689
    ],
    [
      0.003986688376939365,
      0.0013662327610550718,
      0.07996604541629193,
      0.808152131613781,
      0.004484674380857203,
      0.033087533512583936,
      0.003971885839820136,
      0.000817138314520017,
      0.019798712470031784,
      0.9935142373818469
    ],
    [
      0.9368717161065688,
      0.30544097862760666,
      0.4989969291385158,
      0.10390828243236765,
      0.7840540841486924,
      0.9197669170482827,
      0.7973595943929347,
      0.05165258438095685,
      0.4012601853149983,
      0.7783593755787036
    ],
    [
      0.7293762379539039,
      0.476636365006905,
      0.03176465046537846,
      0.10048266663068152,
      0.6892814523525719,
      0.9960567003710656,
      0.6693228169266641,
      0.11554057871883908,
      0.7965287595900441,
      0.5227422925187756
    ],
    [
      0.07066631679548709,
      0.6638315372073634,
      0.6580111986396293,
      0.8907146116914368,
      0.2982162612251272,
      0.34690746040864395,
      0.08387548951428336,
      0.00043095857544036756,
      0.0013134104966138432,
      0.006199783989018852
    ],
    [
      0.7488524139855604,
      0.8662873226260965,
      0.3781164464085006,
      0.45970463963798125,
      0.8265522107493511,
      0.8438660295596805,
      0.8047491659143128,
      0.9305809437988048,
      0.708997256976623,
      0.4477070987687668
    ],
    [
      0.30831938572778433,
      0.7985591026943479,
      0.12844639759404688,
      0.003478028430447142,
      0.8753218994975211,
      0.3500511513693877,
      0.03393013661618467,
      0.5285088187420567,
      0.524366086108,
      0.4824222038189342
    ],
    [
      0.07313496165123635,
      0.10533508991740118,
      0.03874672456325697,
      0.866046803406174,
      0.3228249658125114,
      0.19786294430876492,
      0.6292630357553053,
      0.2484344100725957,
      0.188735185928988,
      0.5232444030519928
    ],
    [
      0.026729349683083565,
      0.05983408308079046,
      0.007575515271190119,
      0.8223004106423468,
      0.03097975183810125,
      0.010642887261248821,
      0.03457226547147649,
      0.02830256155348898,
      0.03708390829906807,
      0.033912749033735215
    ]
  ]
}