{
  "window_p_value": 0.96,
  "window_effect_size": -0.0015974901616573334,
  "position_p_values": [
    0.54,
    1.0,
    0.04,
    0.81,
    0.82,
    0.85,
    0.92,
    0.61,
    0.23,
    0.1,
    0.46
  ],
  "position_effect_sizes": [
    -7.466226816177368e-05,
    -0.01961025595664978,
    0.008813023567199707,
    -0.005007989704608917,
    -0.004684649407863617,
    -0.00770491361618042,
    -0.007212236523628235,
    -0.003015965223312378,
    0.0058709681034088135,
    0.005054507404565811,
    0.00027857720851898193
  ],
  "rsa_feature_indices": [
    20501,
    25720,
    5528,
    17420,
    34107,
    26537,
    42877,
    24729,
    23327,
    2660
  ]
}