{
  "top_feature_indices": [
    20501,
    25720,
    5528,
    17420,
    34107,
    26537,
    42877,
    24729,
    23327,
    2660
  ],
  "t_values": [
    [
      -0.8231013880230093,
      0.6756711372912484,
      0.8704863010596515,
      -0.05497809267725879,
      -0.588362982542649,
      -1.0985589439762184,
      0.28286123376800754,
      -0.9253504744270119,
      -0.08435291890901572,
      -0.30939978600281265
    ],
    [
      -0.8728878078534531,
      -0.5724611355550713,
      -1.359454077524886,
      -0.7667397247303823,
      -0.7165918536511604,
      -0.7978940629107704,
      -0.8608995200108286,
      -0.668150767243174,
      -1.726944283195743,
      0.05627928824621134
    ],
    [
      0.7616864487934034,
      0.04236284101321504,
      0.4195453135037956,
      0.9907658414920687,
      0.3719647595425742,
      0.36576794164879944,
      0.6732971228560892,
      0.42666153742295704,
      -0.18252401374516822,
      0.7451127006289212
    ],
    [
      0.49564842191638225,
      0.5591668518703534,
      0.3410037853103846,
      -0.06509337016272491,
      0.5763240670498245,
      0.03072551834508151,
      0.07670390740969564,
      0.14747377040106352,
      0.8053980702404144,
      -0.2749623710337813
    ],
    [
      0.19487164367553586,
      0.02374592391140517,
      -0.30082855106123846,
      -0.04455787206914076,
      -0.1327258809958326,
      -0.18576784373897856,
      -0.04589244883194862,
      -0.027359543132242013,
      -0.18485595351877693,
      -0.13474959575632836
    ],
    [
      -0.9986558341909703,
      -0.8629582545979815,
      -0.9281329106654826,
      -0.9339015674507235,
      -1.2525460512974285,
      -0.9035443112783963,
      -1.0641515203870406,
      -1.4355515122734583,
      -0.8350271649733427,
      -1.0052355168813762
    ],
    [
      0.6641109583899684,
      1.3832157101251648,
      0.7061620784065226,
      0.8872486537544083,
      0.43254028394677135,
      1.0324995745029537,
      0.708458371999743,
      0.5274568132205735,
      0.7184679675055059,
      1.0168555261774226
    ],
    [
      0.13077468999777273,
      -0.3249489215767109,
      0.08025464297500537,
      0.4606799645570715,
      -0.5090439822120807,
      -0.6167210185240077,
      -0.49188096277646365,
      -0.3698409290904142,
      -0.14319162489830978,
      0.09154700131763095
    ],
    [
      0.4429582220720792,
      0.08070269201089188,
      0.8086785027553645,
      0.7018429246919735,
      -1.297124805011432,
      -0.7522063349151982,
      -0.31399478191020475,
      -0.477912457317442,
      1.0585649978996325,
      -0.32715205853477336
    ],
    [
      0.7934616293708459,
      -0.5755229499620352,
      0.0648951865884528,
      1.1432026884114785,
      0.026991128662442552,
      -0.1307859436703154,
      0.2171611412969776,
      -0.19748404280850906,
      -0.5289101825450058,
      0.7910787331172722
    ],
    [
      -1.2964383836731803,
      0.18338820791718397,
      0.2542232139528952,
      -0.7827998869344366,
      -0.28580998785469663,
      0.8945953773274721,
      0.7558709465052356,
      0.8665149033050832,
      -0.23396444972225744,
      0.4004416944288382
    ]
  ],
  "p_values": [
    [
      0.41696028235231164,
      0.5044250255760347,
      0.39146880656945005,
      0.9565204292917051,
      0.5607016413586116,
      0.28070213749123535,
      0.7792265019251055,
      0.36225123854734753,
      0.9333442458952295,
      0.7591699726092046
    ],
    [
      0.38966083954953146,
      0.5712790015944995,
      0.18467366338667646,
      0.44923345325817166,
      0.4791871628483394,
      0.43127207141410717,
      0.39647364132961727,
      0.5092666338504881,
      0.09467964652164848,
      0.9554932990611931
    ],
    [
      0.4524005845064667,
      0.966490642751888,
      0.6779481467112562,
      0.3299203065850067,
      0.7125476267129152,
      0.7171070148689684,
      0.5065485826884051,
      0.6727716508136977,
      0.856464675689783,
      0.4620017949961328
    ],
    [
      0.6237637447819813,
      0.5801992803092668,
      0.7354876400236605,
      0.9485345913555872,
      0.568729059555796,
      0.9756921003868024,
      0.939373963260895,
      0.8837515583641663,
      0.42707838981883184,
      0.7852299987365161
    ],
    [
      0.8468072450932166,
      0.9812128354716775,
      0.7656206555514085,
      0.9647550537109437,
      0.8952966388829575,
      0.8538772715972296,
      0.9637001280197602,
      0.978354184506028,
      0.8545864024512767,
      0.893710018735189
    ],
    [
      0.3305144611075025,
      0.39920261013870584,
      0.36509983447165006,
      0.36214191527359574,
      0.2282630228061136,
      0.3771927485077594,
      0.30128941477508653,
      0.17053467523293964,
      0.4145247981892638,
      0.32941411728484593
    ],
    [
      0.5158722885758704,
      0.1816551787383639,
      0.48958900284631923,
      0.38413517264096453,
      0.6711441519479177,
      0.31601538916296995,
      0.48609872482809013,
      0.6041779059158947,
      0.4816619961410068,
      0.32436416234510246
    ],
    [
      0.8968892483529052,
      0.747924023743035,
      0.9366064078530999,
      0.6484605596362877,
      0.6144848614331523,
      0.5421316352458154,
      0.6263974514613933,
      0.714103808724447,
      0.8871395738361546,
      0.9276679018399521
    ],
    [
      0.6609751577469665,
      0.9362342401673516,
      0.4254602302024838,
      0.48839907825676,
      0.2045398130885517,
      0.4578972207517128,
      0.7557170172243823,
      0.6363082418692918,
      0.29824832819392577,
      0.7458398504973294
    ],
    [
      0.43420865558214583,
      0.5693517976275805,
      0.9486930923009422,
      0.26200999495149035,
      0.9786662729956895,
      0.8968177616117821,
      0.8296839403239356,
      0.8448137698334636,
      0.6008127941299053,
      0.435296889615721
    ],
    [
      0.20597266330597,
      0.8557290046095054,
      0.801082614618185,
      0.4408422146076999,
      0.7770774199006937,
      0.37862413193016964,
      0.4556248007226309,
      0.3931633464484493,
      0.8166164367887566,
      0.691796230112552
    ]
  ]
}