{
  "window_p_value": 0.13,
  "window_effect_size": -0.0986626148223877,
  "position_p_values": [
    0.25,
    0.03,
    0.03,
    0.58,
    0.27,
    0.14,
    0.03,
    0.36,
    0.06,
    0.54,
    0.48
  ],
  "position_effect_sizes": [
    -0.13890111446380615,
    -0.16220629215240479,
    -0.1381300687789917,
    -0.021819472312927246,
    -0.0435941219329834,
    -0.06299829483032227,
    -0.10176455974578857,
    -0.04045069217681885,
    -0.0761030912399292,
    -0.024940848350524902,
    -0.027268171310424805
  ],
  "rsa_feature_indices": [
    2785,
    41202,
    5422,
    22457,
    4126,
    39374,
    11726,
    18416,
    26435,
    22594,
    33178,
    44270,
    21451,
    30442,
    21049,
    32808,
    5615,
    21759,
    26807,
    43695,
    47953,
    1873,
    49930,
    38958,
    47047,
    35989,
    38096,
    13432,
    33878,
    46749,
    7936,
    28065,
    44295,
    26669,
    12864,
    40039,
    26344,
    48298,
    747,
    5260,
    44351,
    12355,
    8946,
    44765,
    35475,
    38894,
    22644,
    10068,
    27744,
    38229
  ]
}