{
  "window_p_value": 0.0,
  "window_effect_size": 0.002774573862552643,
  "position_p_values": [
    0.0,
    0.0,
    0.0,
    0.0,
    0.0,
    0.0,
    0.0,
    0.0,
    0.62,
    0.85,
    0.0
  ],
  "position_effect_sizes": [
    0.049320124089717865,
    0.027360357344150543,
    0.017190370708703995,
    0.01912294328212738,
    0.01009407639503479,
    0.04199010878801346,
    0.029351770877838135,
    0.02258189022541046,
    -0.0022694766521453857,
    -0.004164978861808777,
    0.016566045582294464
  ],
  "rsa_feature_indices": [
    35532,
    25317,
    28104,
    36973,
    24208,
    24492,
    2688,
    33751,
    19574,
    47809
  ]
}