{
  "top_feature_indices": [
    35532,
    25317,
    28104,
    36973,
    24208,
    24492,
    2688,
    33751,
    19574,
    47809
  ],
  "t_values": [
    [
      4.7164704513761455,
      5.698217733936701,
      0.767271106347159,
      1.1729968659551266,
      -0.6993313396095499,
      3.285917906962794,
      0.25542390087431993,
      1.2773317961900148,
      2.6101823934686554,
      2.8426879926714053
    ],
    [
      2.8927947835859,
      4.041083382153716,
      -0.8972575729614297,
      0.579752769952002,
      -0.6677079262372186,
      1.1584130569777276,
      1.9230307589493327,
      2.5271653826990415,
      2.52850999307293,
      1.398737716655005
    ],
    [
      0.24124141640488542,
      1.191820840333827,
      -0.6847071060369151,
      -0.19934299078394127,
      -1.3892897774835655,
      0.36594045809532244,
      0.828436987763817,
      0.6757294669794075,
      0.6069586168693938,
      0.22353853531030535
    ],
    [
      0.0027045067844566383,
      1.9454304006156224,
      -1.4338151805753592,
      1.8623510810820765,
      -1.2714327257044071,
      -1.1225388888621102,
      3.0092185082276472,
      0.6499455650465719,
      0.9624222092433826,
      -0.6361983914483611
    ],
    [
      -1.8414723537508577,
      -0.37851358311390737,
      -2.5068613650726057,
      -0.056835656074572555,
      -1.1862308065060572,
      -2.7711597433361828,
      0.4698036306765702,
      -1.2922803066355724,
      0.04079503093212469,
      -1.5115492065175662
    ],
    [
      -0.5590329269461731,
      -0.9274552128308192,
      -0.8987519908924768,
      -0.13103866459332894,
      -3.3201741666650033,
      -2.182379172247476,
      0.8574813177424377,
      -1.363021000042987,
      0.3471884659215895,
      -0.011961880566046955
    ],
    [
      0.8686362587900861,
      0.7471382215869303,
      0.6776841023047987,
      0.8936346661916886,
      -2.646209210947771,
      -1.287795164064473,
      1.6668595437454377,
      -0.7122877526023297,
      2.8843347921025497,
      2.5085258165139503
    ],
    [
      -0.5444735740534397,
      -0.29844367693164425,
      -1.4951110718874328,
      -0.4734405933294231,
      -1.224600560293784,
      -1.4302880821821207,
      0.907985151381188,
      -0.8360752318622187,
      0.031222352144918045,
      -0.4196576230973341
    ],
    [
      -2.0596365353535133,
      -1.597906856565612,
      -2.646030630105063,
      -1.8600522471402803,
      0.28027482242435003,
      -4.446715813744141,
      0.2548707003733896,
      -4.303805379687612,
      -2.052735101327219,
      -1.5264962816250638
    ],
    [
      0.6579157065968767,
      0.9069979947113921,
      0.3461775608197759,
      0.22786751249784204,
      1.3621013196001628,
      -1.6425412093329659,
      1.077303847957109,
      -1.940100708341679,
      -0.9381462560372444,
      -1.2524534182162845
    ],
    [
      1.7968028136603695,
      1.387373449405295,
      0.2995162284747496,
      0.2794742864154737,
      -1.8369001064728445,
      -1.6371757623018486,
      2.1123317788550318,
      0.625213298129752,
      0.17124574396495046,
      1.0984254717674427
    ]
  ],
  "p_values": [
    [
      1.074972504163043e-05,
      1.6277262357423636e-07,
      0.4458155177706209,
      0.24380694009033244,
      0.4862826038661733,
      0.0014319264363356718,
      0.7989682966067355,
      0.20466494013232775,
      0.010907847012030859,
      0.005582068392659339
    ],
    [
      0.004749775680323403,
      0.00010998988290897878,
      0.3722558523330005,
      0.563773759775677,
      0.5061441184218822,
      0.24963394957850055,
      0.05750341626797751,
      0.01319772261127096,
      0.013205504778682466,
      0.1659723654975849
    ],
    [
      0.8099938395627729,
      0.23738608925215235,
      0.49587683153221795,
      0.8426725469714529,
      0.16811391853713065,
      0.7153428699961759,
      0.4099483419208535,
      0.5010398995109897,
      0.5457252396124989,
      0.8238261675082071
    ],
    [
      0.9978479765125806,
      0.054817711778150105,
      0.1554413231719292,
      0.06576304494462118,
      0.20709414001227341,
      0.26456260804342185,
      0.0033657076914763227,
      0.51733815705515,
      0.33833095242498445,
      0.5263975789509132
    ],
    [
      0.0690610045200636,
      0.706198251201833,
      0.014242880180756768,
      0.9548581945932166,
      0.23856132448061718,
      0.006948920741822493,
      0.6398190573000755,
      0.19998352020159482,
      0.9675510869240963,
      0.1342789101486234
    ],
    [
      0.5777524988358331,
      0.3570971781647069,
      0.37178940629943313,
      0.896102875395308,
      0.001410299201411714,
      0.03259601148560137,
      0.39366010737176715,
      0.17683586770246112,
      0.7292992491054563,
      0.9904835712132398
    ],
    [
      0.387258930968001,
      0.45684514292935097,
      0.49968320610246375,
      0.37388528709538704,
      0.009702728953598095,
      0.20098725956951638,
      0.09889709214218774,
      0.47805815805705143,
      0.0049961407403438735,
      0.013837033277993575
    ],
    [
      0.5874672422281084,
      0.7661363047314362,
      0.1385706919642545,
      0.6371256809355765,
      0.2242363784533593,
      0.15626159553971716,
      0.3664207762911188,
      0.4054760923066466,
      0.9751660527640853,
      0.6758023345501014
    ],
    [
      0.042601504115101205,
      0.1144703029724065,
      0.009893415381955472,
      0.06752504489695836,
      0.7798831794929525,
      3.0077112366029032e-05,
      0.7995300685774722,
      4.76105977017135e-05,
      0.04333919843216279,
      0.13074154846285
    ],
    [
      0.5123175188666774,
      0.36763144556477134,
      0.7302105381527504,
      0.8204439638603805,
      0.1766970658524783,
      0.10401068889213864,
      0.28451484360203194,
      0.055626357776510975,
      0.3510212327331853,
      0.21365310598016388
    ],
    [
      0.07623455354488665,
      0.16961119270052513,
      0.7653063356290866,
      0.7806886998625802,
      0.0696012034519656,
      0.10521067766666334,
      0.0380047437424577,
      0.5336741861066142,
      0.8644260373519344,
      0.2753563946848063
    ]
  ]
}