{
  "window_p_value": 0.48,
  "window_effect_size": 0.0018579214811325073,
  "position_p_values": [
    0.45,
    0.15,
    0.0,
    0.3,
    0.97,
    0.64,
    0.21,
    0.86,
    0.14,
    0.37,
    0.78
  ],
  "position_effect_sizes": [
    0.009322747588157654,
    0.005162730813026428,
    0.012816362082958221,
    -0.003279801458120346,
    0.0001304149627685547,
    0.001971110701560974,
    0.006957158446311951,
    -0.001055389642715454,
    0.007092781364917755,
    -0.0037079527974128723,
    -0.0012190714478492737
  ],
  "rsa_feature_indices": [
    2785,
    41202,
    5422,
    22457,
    4126,
    39374,
    11726,
    18416,
    26435,
    22594,
    33178,
    44270,
    21451,
    30442,
    21049,
    32808,
    5615,
    21759,
    26807,
    43695,
    47953,
    1873,
    49930,
    38958,
    47047,
    35989,
    38096,
    13432,
    33878,
    46749,
    7936,
    28065,
    44295,
    26669,
    12864,
    40039,
    26344,
    48298,
    747,
    5260,
    44351,
    12355,
    8946,
    44765,
    35475,
    38894,
    22644,
    10068,
    27744,
    38229
  ]
}