{
  "window_p_value": 0.0,
  "window_effect_size": 0.008408715017139912,
  "position_p_values": [
    0.0,
    0.0,
    0.0,
    0.0,
    0.0,
    0.0,
    0.0,
    0.0,
    0.31,
    0.0,
    0.0
  ],
  "position_effect_sizes": [
    0.15159358084201813,
    0.11941780149936676,
    0.10689481347799301,
    0.07276557385921478,
    0.1870409995317459,
    0.22141696512699127,
    0.1760663539171219,
    0.15916161239147186,
    0.007915154099464417,
    0.04092118889093399,
    0.039598673582077026
  ],
  "rsa_feature_indices": [
    41663,
    21664,
    37681,
    12342,
    26378,
    15017,
    16819,
    38155,
    49917,
    30209
  ]
}