{
  "top_feature_indices": [
    41663,
    21664,
    37681,
    12342,
    26378,
    15017,
    16819,
    38155,
    49917,
    30209
  ],
  "t_values": [
    [
      4.141036369224854,
      2.4548320868335454,
      -2.617855164036922,
      0.08868198344440512,
      0.7186800279325684,
      0.12774319412738197,
      0.916742796325733,
      3.2975432462425145,
      1.2283065052841748,
      -0.47013801108582254
    ],
    [
      4.642654123218501,
      1.8352323637135193,
      -2.632166075770513,
      -0.46682394698554713,
      1.1703813491917203,
      -0.7099003207718015,
      -0.5385916748187014,
      1.2924897400858797,
      0.3795558042356298,
      -1.7611828686829285
    ],
    [
      3.5081631123792456,
      3.4597124148147134,
      -3.3490000350446105,
      -1.0518870678945618,
      0.06240848802775069,
      -0.7347601783519195,
      -1.8347321860539072,
      3.206238800379953,
      -2.4005512847529826,
      -1.6723900281339048
    ],
    [
      4.098043727479451,
      7.3636467929724265,
      -4.49200068347909,
      -1.7468479098488678,
      0.21145822049352472,
      -3.1856036244310975,
      -5.710471523099206,
      6.706738789544393,
      -3.647106861849471,
      -2.580906512617215
    ],
    [
      4.653341849755786,
      6.628662910023104,
      -5.286460576541595,
      -3.7985859794084234,
      -3.6505240418795992,
      -5.192614094730987,
      -6.502593161750491,
      5.337474467820884,
      -4.8326754184558025,
      -4.860462281497514
    ],
    [
      6.403123076776029,
      6.366161840935986,
      -6.37095907558819,
      -6.171342007476652,
      -6.293940879104219,
      -6.147307903703669,
      -6.056234592146114,
      5.781236768920896,
      -5.668502937397661,
      -5.758082589999979
    ],
    [
      5.535164413929152,
      6.011066068561129,
      -4.471620282019293,
      -3.251925514931999,
      -3.558500349686148,
      -3.779084101376734,
      -2.5250910964348146,
      6.025503446942451,
      -2.999212938353598,
      -3.829316196731694
    ],
    [
      4.1371012840028945,
      5.725256223403382,
      -4.257360353578896,
      -3.816751014363085,
      -2.636264072510084,
      -2.704909984116115,
      -4.219888590499849,
      6.751391315286813,
      -4.345223203236013,
      -2.8063539208607096
    ],
    [
      3.4548944890867026,
      4.296120898978303,
      -5.086550633240773,
      -4.594762493974506,
      -4.084798539880383,
      -3.633967490430069,
      -4.212483675957193,
      3.601331716414457,
      -3.572604304098999,
      -3.3168850397292013
    ],
    [
      2.4983379854501204,
      5.675222216337077,
      -2.2828615100784146,
      -3.117549881371783,
      -1.6726180798721728,
      -2.8129157356962233,
      -3.040545122872403,
      3.5439035700079593,
      -2.643530561480336,
      -2.1100660531219355
    ],
    [
      5.236575742513569,
      5.50243603390304,
      -2.8435273081200556,
      -2.5701276272992963,
      -0.49224888677495154,
      -2.933053531251581,
      -3.253753681225146,
      4.624055252649309,
      -4.1850302516703985,
      -2.802748258252746
    ]
  ],
  "p_values": [
    [
      7.987411133949527e-05,
      0.015936766069534578,
      0.010450299560106681,
      0.9295482243876422,
      0.4741358426475132,
      0.8986361362016012,
      0.36181588580839386,
      0.0016465837957573275,
      0.22247528501817085,
      0.6397133838932378
    ],
    [
      1.115235867268882e-05,
      0.0696335683222719,
      0.009955669558320014,
      0.6417700635153631,
      0.2452164119508194,
      0.4796127788729554,
      0.5916621100199393,
      0.20033549418939223,
      0.7051485433363041,
      0.08204388995847797
    ],
    [
      0.0006992803546207758,
      0.0008158190746089844,
      0.001191092231497664,
      0.2956075175268337,
      0.9503700472149479,
      0.46462345292832763,
      0.06995053844439919,
      0.0019698619679507944,
      0.0184068777719763,
      0.09834416146360073
    ],
    [
      8.840561037432367e-05,
      9.570065472328114e-11,
      2.0056641425565317e-05,
      0.0839477069253804,
      0.8330541336675577,
      0.002041012291515359,
      1.6679533784992068e-07,
      1.494996828798392e-09,
      0.0004517792867422288,
      0.011485908996277704
    ],
    [
      1.074395607688968e-05,
      2.5837279163975196e-09,
      8.131218496447317e-07,
      0.0002616886921965801,
      0.0004469146140541546,
      1.5772549759573666e-06,
      6.459594088913854e-09,
      6.60102797308422e-07,
      5.231489593238078e-06,
      6.904439101597744e-06
    ],
    [
      6.198767840823129e-09,
      7.3133083475696984e-09,
      8.196606432370894e-09,
      1.7510734496272165e-08,
      2.0011954486804085e-08,
      2.3203510861619347e-08,
      3.355363785912966e-08,
      1.0800762770587736e-07,
      1.631040039474515e-07,
      1.6348494698799916e-07
    ],
    [
      2.8585498529313726e-07,
      3.9737194970868723e-08,
      2.2492789582297888e-05,
      0.001947368037928312,
      0.0005972878128739251,
      0.0002799287730517508,
      0.014537350645876614,
      3.771838542220762e-08,
      0.004076063295765476,
      0.00023743151722398724
    ],
    [
      7.658277107965471e-05,
      1.3617895996212448e-07,
      4.956177183462467e-05,
      0.00025566013380656446,
      0.010052874820028502,
      0.00815331601121999,
      6.689964962460123e-05,
      1.6298755036774512e-09,
      3.725015447363468e-05,
      0.006323369655248183
    ],
    [
      0.0008600842595137587,
      5.207681519271722e-05,
      1.8626889567847976e-06,
      1.3607191727107112e-05,
      9.447860889622158e-05,
      0.00046466822372877683,
      6.0179146513160403e-05,
      0.000510208180018269,
      0.0005917412311742917,
      0.0014666688262706222
    ],
    [
      0.014230090725662755,
      1.941406160264125e-07,
      0.024782334640263224,
      0.002517401999390973,
      0.09778104817783079,
      0.005978758728927634,
      0.0030858260838703753,
      0.0006193217960970888,
      0.00964676193545536,
      0.03751486517136148
    ],
    [
      1.165077285300168e-06,
      3.318618173693248e-07,
      0.005499173753454073,
      0.012147018493637817,
      0.6237210016058015,
      0.0042569324232575485,
      0.0015921775624411164,
      1.3861266053139978e-05,
      6.420013888394752e-05,
      0.006194162761826345
    ]
  ]
}