{
  "classifier_state": {
    "coef_": [
      [
        -0.37045170484897316,
        0.7142917049064129,
        0.5480790461586711,
        0.42935313955296395,
        1.7131366662402217,
        -0.008144996479715918,
        -1.4216447281096014,
        -1.849710818787577
      ]
    ],
    "intercept_": [
      0.0
    ],
    "classes_": [
      0.0,
      1.0
    ]
  },
  "scaler_state": {
    "mean_": [
      0.7369194034487009,
      0.08372718612663448,
      0.6696030516177416,
      0.02018051091581583,
      0.6987361319363117,
      0.748247753083706,
      1.0408500239253045,
      0.9560840167105198
    ],
    "scale_": [
      0.1354371990129187,
      0.013952310906615018,
      0.17397905026069102,
      0.003615407917485466,
      0.1258911942134837,
      0.1516706228486303,
      0.2352149386268181,
      0.1696024320644538
    ]
  },
  "selected_indices": [
    39659,
    27657,
    5759,
    30421,
    10041,
    12902,
    12782,
    22633
  ],
  "selection_method": "RSA_discriminability"
}