{
  "selected_indices": [
    39659,
    27657,
    5759,
    30421,
    10041,
    12902,
    12782,
    22633
  ],
  "selection_method": "RSA_discriminability",
  "classifier_performance": {
    "train_accuracy": 0.875,
    "test_accuracy": 0.75,
    "weights": [
      -0.37045170484897316,
      0.7142917049064129,
      0.5480790461586711,
      0.42935313955296395,
      1.7131366662402217,
      -0.008144996479715918,
      -1.4216447281096014,
      -1.849710818787577
    ],
    "classification_report": {
      "0.0": {
        "precision": 0.6666666666666666,
        "recall": 1.0,
        "f1-score": 0.8,
        "support": 10.0
      },
      "1.0": {
        "precision": 1.0,
        "recall": 0.5,
        "f1-score": 0.6666666666666666,
        "support": 10.0
      },
      "accuracy": 0.75,
      "macro avg": {
        "precision": 0.8333333333333333,
        "recall": 0.75,
        "f1-score": 0.7333333333333334,
        "support": 20.0
      },
      "weighted avg": {
        "precision": 0.8333333333333333,
        "recall": 0.75,
        "f1-score": 0.7333333333333333,
        "support": 20.0
      }
    }
  }
}