{
  "classifier_state": {
    "coef_": [
      [
        0.0,
        -0.2738899644978704,
        0.0,
        -0.29479249933743146,
        0.0,
        -2.008971905046588,
        -1.0077897743580493,
        -1.236565733230009
      ]
    ],
    "intercept_": [
      -0.018259323852697542
    ],
    "classes_": [
      0.0,
      1.0
    ]
  },
  "scaler_state": {
    "mean_": [
      -3.874824172258377,
      1.240364319831133,
      -1.5906021997332573,
      -1.8000964608043433,
      -3.558885654807091,
      -0.671366676245816,
      1.2036540865898133,
      -0.43156654234044256
    ],
    "scale_": [
      0.8331788620155548,
      0.3224876198947491,
      0.28140563351671494,
      0.4298092754056322,
      0.48748795124960326,
      0.27757834144817345,
      0.2712123585286275,
      0.1955082834059466
    ]
  },
  "selected_indices": [
    842,
    1139,
    1478,
    1551,
    58,
    2156,
    2623,
    1906
  ],
  "selection_method": "RSA_discriminability"
}