{
  "selected_indices": [
    842,
    1139,
    1478,
    1551,
    58,
    2156,
    2623,
    1906
  ],
  "selection_method": "RSA_discriminability",
  "classifier_performance": {
    "train_accuracy": 0.875,
    "test_accuracy": 0.9,
    "weights": [
      0.0,
      -0.2738899644978704,
      0.0,
      -0.29479249933743146,
      0.0,
      -2.008971905046588,
      -1.0077897743580493,
      -1.236565733230009
    ],
    "classification_report": {
      "0.0": {
        "precision": 0.9,
        "recall": 0.9,
        "f1-score": 0.9,
        "support": 10.0
      },
      "1.0": {
        "precision": 0.9,
        "recall": 0.9,
        "f1-score": 0.9,
        "support": 10.0
      },
      "accuracy": 0.9,
      "macro avg": {
        "precision": 0.9,
        "recall": 0.9,
        "f1-score": 0.9,
        "support": 20.0
      },
      "weighted avg": {
        "precision": 0.9,
        "recall": 0.9,
        "f1-score": 0.9,
        "support": 20.0
      }
    }
  }
}