{
  "classifier_state": {
    "coef_": [
      [
        0.15825691437872758,
        -1.1703165513526372,
        -0.9402959809454955,
        0.2681743920888676,
        0.601617821041634,
        -0.7553666743248041,
        0.18615538952454033,
        -0.9309842822880637
      ]
    ],
    "intercept_": [
      -0.11657737664396907
    ],
    "classes_": [
      0.0,
      1.0
    ]
  },
  "scaler_state": {
    "mean_": [
      1.435261172801256,
      1.2756526187062263,
      0.9068213380873203,
      1.0949439361691475,
      1.317903207987547,
      1.45878821387887,
      1.857886327803135,
      1.4338743023574352
    ],
    "scale_": [
      0.3148478499858489,
      0.2833800053918084,
      0.2946357696371882,
      0.288871346982589,
      0.2653608198082677,
      0.33020897271142746,
      0.30397261436862877,
      0.4719174165670167
    ]
  },
  "selected_indices": [
    2876,
    1907,
    34411,
    47809,
    40815,
    15774,
    20928,
    36386
  ],
  "selection_method": "max_activation"
}