{
  "selected_indices": [
    2876,
    1907,
    34411,
    47809,
    40815,
    15774,
    20928,
    36386
  ],
  "selection_method": "max_activation",
  "classifier_performance": {
    "train_accuracy": 0.8375,
    "test_accuracy": 0.85,
    "weights": [
      0.15825691437872758,
      -1.1703165513526372,
      -0.9402959809454955,
      0.2681743920888676,
      0.601617821041634,
      -0.7553666743248041,
      0.18615538952454033,
      -0.9309842822880637
    ],
    "classification_report": {
      "0.0": {
        "precision": 0.8181818181818182,
        "recall": 0.9,
        "f1-score": 0.8571428571428571,
        "support": 10.0
      },
      "1.0": {
        "precision": 0.8888888888888888,
        "recall": 0.8,
        "f1-score": 0.8421052631578947,
        "support": 10.0
      },
      "accuracy": 0.85,
      "macro avg": {
        "precision": 0.8535353535353536,
        "recall": 0.8500000000000001,
        "f1-score": 0.849624060150376,
        "support": 20.0
      },
      "weighted avg": {
        "precision": 0.8535353535353536,
        "recall": 0.85,
        "f1-score": 0.849624060150376,
        "support": 20.0
      }
    }
  }
}